code,name_vi,aliases,canonical_unit,accepted_units,low,high,severe_factor,layman_function
PLT,Số lượng tiểu cầu,PLT|Tiểu cầu|SLTC|Platelet|Plt,G/L,G/L=1|K/uL=1|10^9/L=1,150,450,0.40,giúp máu đông lại khi bị thương
PDW,Độ phân bố kích thước tiểu cầu,PDW,fL,fL=1,10,18,0.40,cho biết các tiểu cầu có kích thước đồng đều hay không
WBC,Số lượng bạch cầu,WBC|Bạch cầu|SLBC|Leukocyte|Wbc,G/L,G/L=1|K/uL=1|10^9/L=1,3.4,9.4,0.40,tế bào chống lại vi khuẩn và nhiễm trùng
NEUT_PCT,Tỷ lệ bạch cầu trung tính,NEUT%|Neutrophil %|BC trung tính %|Bạch cầu trung tính %|Tỷ lệ BC trung tính|% Neu|Neu%,%,%=1,40.9,73.7,0.30,loại bạch cầu phản ứng sớm nhất khi có nhiễm trùng
LYMPH_PCT,Tỷ lệ bạch cầu Lymphocyte,LYMPH%|Lymphocyte %|Bạch cầu Lymphocyte %|Tỷ lệ BC lympho|% Lym|Lym%,%,%=1,17.2,46.1,0.30,loại bạch cầu ghi nhớ và chống lại virus
MONO_PCT,Tỷ lệ bạch cầu Monocyte,MONO%|Monocyte %|Bạch cầu Monocyte %|Tỷ lệ BC mono|% Mono|Mono%,%,%=1,3.7,10.9,0.30,loại bạch cầu dọn dẹp tế bào chết và vi khuẩn
EOS_PCT,Tỷ lệ bạch cầu ưa axit,EO%|Eosinophil %|BC ua axit %|Bạch cầu ưa axit %|Tỷ lệ BC ưa axit|% Eos|Eos%,%,%=1,0,8.6,0.40,loại bạch cầu liên quan đến dị ứng và ký sinh trùng
BASO_PCT,Tỷ lệ bạch cầu ưa bazơ,BASO%|Basophil %|BC ua bazo %|Bạch cầu ưa bazơ %|Tỷ lệ BC ưa bazơ|% Bas|% Baso|Bas%,%,%=1,0,1.3,0.40,loại bạch cầu tham gia phản ứng dị ứng
NEUT_ABS,Số lượng bạch cầu trung tính,NEUT#|Neutrophil abs|SL bạch cầu trung tính|BC trung tính|# Neu|Neu#,G/L,G/L=1|K/uL=1,1.3,6.2,0.40,số lượng tuyệt đối của bạch cầu chống nhiễm trùng
LYMPH_ABS,Số lượng bạch cầu Lymphocyte,LYMPH#|Lymphocyte abs|SL bạch cầu Lymphocyte|BC lympho|# Lym|Lym#,G/L,G/L=1|K/uL=1,1,3,0.40,số lượng tuyệt đối của bạch cầu chống virus
MONO_ABS,Số lượng bạch cầu Monocyte,MONO#|Monocyte abs|SL bạch cầu Monocyte|BC mono|# Mono|Mono#,G/L,G/L=1|K/uL=1,0.2,0.8,0.40,số lượng tuyệt đối của bạch cầu dọn dẹp
EOS_ABS,Số lượng bạch cầu ưa axit,EO#|Eosinophil abs|SL bạch cầu ưa axit|BC ưa axit|# Eos|Eos#,G/L,G/L=1|K/uL=1,0,0.6,0.50,số lượng tuyệt đối của bạch cầu dị ứng
BASO_ABS,Số lượng bạch cầu ưa bazơ,BASO#|Basophil abs|SL bạch cầu ưa bazơ|BC ưa bazơ|# Baso|# Bas|Baso#,G/L,G/L=1|K/uL=1,0,0.1,0.50,số lượng tuyệt đối của bạch cầu dị ứng
RBC,Số lượng hồng cầu,RBC|Hồng cầu|SLHC|Erythrocyte|Rbc,T/L,T/L=1|M/uL=1|10^12/L=1,4.37,5.69,0.20,tế bào mang oxy đi khắp cơ thể
HGB,Lượng huyết sắc tố,HGB|Hemoglobin|Hb|Huyết sắc tố,g/L,g/L=1|g/dL=10,130,175,0.20,chất trong hồng cầu giúp giữ và vận chuyển oxy
HCT,Dung tích hồng cầu,HCT|Hematocrit|Dung tich hong cau|Hct,%,%=1|L/L=100,38.8,50.0,0.20,tỷ lệ phần trăm thể tích máu do hồng cầu chiếm giữ
MCV,Thể tích trung bình hồng cầu,MCV,fL,fL=1,80,100,0.20,kích thước trung bình của một hồng cầu
MCH,Lượng huyết sắc tố trung bình hồng cầu,MCH,pg,pg=1,27,34,0.20,lượng chất mang oxy trung bình trong mỗi hồng cầu
MCHC,Nồng độ huyết sắc tố trung bình,MCHC,g/L,g/L=1|g/dL=10,320,360,0.15,mức độ đậm đặc của chất mang oxy trong hồng cầu
RDW,Độ phân bố kích thước hồng cầu,RDW|RDW-CV,%,%=1,11.5,14.5,0.30,cho biết các hồng cầu có đồng đều kích thước hay không
MPV,Thể tích trung bình tiểu cầu,MPV,fL,fL=1,6.5,12.0,0.30,kích thước trung bình của một tiểu cầu
PCT,Thể tích khối tiểu cầu,PCT|Plateletcrit,%,%=1,0.108,0.282,0.40,tỷ lệ thể tích máu do tiểu cầu chiếm giữ
